<?xml version="1.0" encoding="utf-8" ?>
<dwsync>
<file name="bullet.gif" server="www.murach.com" local="129864526400000000" remote="129917872800000000" />
<file name="footer.gif" server="www.murach.com" local="129864526400000000" remote="129917872800000000" />
<file name="header.gif" server="www.murach.com" local="129864526400000000" remote="129917872800000000" />
<file name="mainbg.gif" server="www.murach.com" local="129864526400000000" remote="129917872800000000" />
<file name="bullet.gif" server="www.murach.com/htdocs/ajax/" local="129864526400000000" remote="129919671600000000" />
<file name="footer.gif" server="www.murach.com/htdocs/ajax/" local="129864526400000000" remote="129919671600000000" />
<file name="header.gif" server="www.murach.com/htdocs/ajax/" local="129864526400000000" remote="129919671600000000" />
<file name="mainbg.gif" server="www.murach.com/htdocs/ajax/" local="129864526400000000" remote="129919671600000000" />
</dwsync>